Agency/Brokerage Name,Town/City,Approx Distance from Bridgeport (mi),Website,Phone,Broker/Owner Name,Approx # of Agents,Size Tier,Notable Details
Tri-State Realty CT,"Bridgeport, CT",0,https://www.tristaterealtyct.com/,N/A - find on site,Charles Scott Sr. (Broker/Owner),5-10,SMALL,"Family-owned independent; voted Realtor of the Year by Bridgeport Board of Realtors; son and daughter work there; ideal first outreach"
Platinum Property Realty,"Norwalk/Fairfield County, CT",0-15,https://www.platinumpropertyrealty.net/,(203) 853-2455,William (Broker/Owner),25-30,MEDIUM,"Independent; 43 years combined sales/marketing/management experience; covers all of Fairfield County incl. Bridgeport/Trumbull/Stratford/Milford/Shelton"
Carey & Guarrera Real Estate,"Shelton, CT",12,https://www.cgre.com/,(203) 925-0058,Patrick Carey (Owner),10-15,SMALL,"Independent; 59 Old Shelton Rd; serves Shelton/Trumbull/Monroe/Milford/Derby/Ansonia; family feel; strong outreach target"
Real Estate Two Inc.,"Shelton, CT",12,https://realestatetwo.com/,(203) 926-1122,"Susan & Linda (Co-Owners)",13,SMALL,"Independent; 100 Huntington St; 60+ years combined owner experience; women-owned; serves Fairfield and New Haven Counties"
Hodson Realty Inc.,"Trumbull, CT",10,https://www.hodsonrealty.com/,N/A - find on site,,5-10,SMALL,"Independent commercial brokerage; 6515 Main St Trumbull; 40+ years in Fairfield County; boutique feel"
Property World,"Milford, CT",10,https://www.propertyworldusa.com/,N/A - find on site,Arnold Peck (Owner/Broker),3-5,VERY SMALL,"Independent since 1967; 500 Boston Post Rd Milford; residential + commercial; Arnold named Real Estate Man of the Decade in Southern New England"
Delrose Realty,"Milford, CT",10,https://www.delroserealty.com/,(203) 687-5107,Delaney Smith (Broker/Owner),1-3,VERY SMALL,"Very small independent; serves Milford/Ansonia/Orange/Woodbridge; owner-operated; high likelihood of response"
Dagny's Real Estate Boutique,"Wilton, CT",20,https://dagnysrealestate.com/,(203) 858-4853,Dagny Eason (Broker/Owner),3-5,VERY SMALL,"Boutique independent; 20 Windy Ridge Pl Wilton; Fairfield County focus; owner is very accessible — LinkedIn active"
Press Cuozzo Realtors,"Hamden, CT",15,https://www.presscuozzo.com/,(203) 288-1900,"Stephen Press & John Cuozzo Jr. (Broker-Owners)",34,MEDIUM,"Est. 1990; independent; 2751 Dixwell Ave Hamden; residential + commercial; serves New Haven/Hamden/North Haven/Cheshire/Woodbridge"
Seabury Hill Realtors,"New Haven, CT",17,https://www.seaburyhill.com/,(203) 562-1220,Jack Hill (principal),3-5,VERY SMALL,"Privately owned since 1926; boutique family firm; 233 Wooster St New Haven; serves Yale community + Greater New Haven"
Calcagni Real Estate,"Cheshire, CT",22,https://www.calcagni.com/,N/A - find on site,Steven Calcagni (President),100,LARGE,"Independent; 50+ years in business; 3 offices in Wallingford/Southington/Cheshire; residential + commercial + new construction; retainer potential"
Pearce Real Estate,"New Haven, CT",17,https://www.hpearce.com/,(203) 776-1899,Barbara L. Pearce (CEO),50+,LARGE,"Independent since 1958; largest local independent full-service firm in CT; 32 Whitney Ave New Haven; legacy firm — retainer/enterprise pitch"
Houlihan Lawrence,"New Haven, CT",17,https://www.houlihanlawrence.com/bio/new-haven-brokerage,N/A - find on site,,10-20,MEDIUM,"Regional brokerage with New Haven office; serves Greater New Haven suburbs; locally managed"
The New Haven Group,"New Haven/Hamden, CT",17,https://thenewhavengroup.com/,N/A - find on site,,5-10,SMALL,"Commercial focus; brokerage/leasing for office, industrial, retail, multi-family across CT"
Higgins Group Private Brokerage,"Fairfield, CT",8,https://higginsgroup.com/,N/A - find on site,,350+,LARGE,"Family-owned since 1997; 10+ offices; Forbes Global Properties exclusive CT rep; luxury focus; enterprise pitch only — too large for Quick Win"
William Pitt Sotheby's International Realty,"Fairfield/Southport, CT",8,https://www.williampitt.com/real-estate-offices/fairfield-southport-ct-33/,N/A - find on site,,20-40,MEDIUM,"Luxury franchise; independently owned within Sotheby's network; Fairfield/Southport office"
Ballaro Real Estate LLC,"Stratford, CT",5,https://www.markballaro.realestate/,(203) 377-1111,Mark Ballaro (Broker/Owner),1-3,VERY SMALL,"Solo independent; 50 Birdseye St Stratford; residential in Fairfield and New Haven County; owner answers the phone — extremely high response likelihood"
The Riverside Realty Group,"Westport, CT",18,https://theriversiderealtygroup.com/,(203) 226-8300,Justine Lieberman-Fink (Managing Broker/Founding Partner),10-15,SMALL,"Boutique luxury independent since 2007; 472 Riverside Ave Westport; $3.6B in transactions; lower Fairfield County focus; Sue Lieberman is co-founding partner"
Around Town Real Estate,"Newtown, CT",20,https://aroundtownct.com/,(203) 200-0851,Andy Sachs (Managing Broker),3-5,VERY SMALL,"Independent; 17 Church Hill Rd Newtown; 20+ years experience; 1000+ transactions; specializes in estate sales; serves Newtown/Bethel/Redding/Danbury/New Milford"
Mapleridge Realty LLC,"Waterbury, CT",25,https://mapleridgerealtyllc.com/,(203) 528-3872,Tommy Dorso (Owner/Broker),5-10,SMALL,"Family-owned independent founded 2020; 911-913 Meriden Rd Waterbury; residential + investment; serves all of CT; young hungry brokerage — open to new tools"
Godin Property Brokers LLC,"Middlebury, CT",28,https://godinpropertybrokers.com/,(203) 577-2277,"Edward Godin Jr. & Brian Godin (Principals)",3-5,VERY SMALL,"Independent commercial brokerage; 850 Straits Tpke Suite 204 Middlebury; 40 years combined experience; industrial/office/retail/investment in Greater Waterbury"
